organization_user_name,organization_namespace_url,organization_website,location_country,form_of_organization
protontypes,https://github.com/protontypes,https://protontypes.eu,Germany,community
NASA-LIS,https://github.com/NASA-LIS,https://lis.gsfc.nasa.gov/,USA,government agency
openeemeter,https://github.com/openeemeter,https://lfenergy.org/projects/openeemeter/,USA,for-profit
ie3-institute,https://github.com/ie3-institute,https://ie3.etit.tu-dortmund.de/,Germany,academia
codeforboston,https://github.com/codeforboston,https://www.codeforboston.org,USA,non-profit
HabitatMap,https://github.com/HabitatMap,http://www.habitatmap.org,USA,non-profit
pangeo-data,https://github.com/pangeo-data,http://pangeo.io,Global,community
powsybl,https://github.com/powsybl,https://www.powsybl.org,Global,collaboration
open-sdg,https://github.com/open-sdg,https://open-sdg.org/,Global,government agency
CliMA,https://github.com/CliMA,https://clima.caltech.edu,USA,academia
e-mission,https://github.com/e-mission,,,
softwareunderground,https://github.com/softwareunderground,https://softwareunderground.org,Canada,non-profit
EnergieID,https://github.com/EnergieID,http://www.energieid.be,Belgium,collaboration
OpenIPSL,https://github.com/OpenIPSL,http://openipsl.org,USA,for-profit
rte-france,https://github.com/rte-france,http://www.rte-france.com/,France,government agency
sogno-platform,https://github.com/sogno-platform,https://sogno.energy/,Global,community
DrylandEcology,https://github.com/DrylandEcology,,USA,community
mom-ocean,https://github.com/mom-ocean,https://mom-ocean.github.io,Global,community
ImperialCollegeLondon,https://github.com/ImperialCollegeLondon,https://www.imperial.ac.uk/,UK,academia
roocs,https://github.com/roocs,https://www.ukri.org/councils/stfc/,UK,academia
GreenDelta,https://github.com/GreenDelta,https://www.greendelta.com/,Germany,for-profit
ncss-tech,https://github.com/ncss-tech,http://ncss-tech.github.io/AQP/,USA,collaboration
transition-zero,https://github.com/transition-zero,https://www.transitionzero.org/,,
NREL,https://github.com/NREL,http://www.nrel.gov,USA,government agency
team-ocean,https://github.com/team-ocean,https://www.nbi.ku.dk/english/research/pice/oceanography/,Denmark,academia
ladybug-tools,https://github.com/ladybug-tools,http://ladybug.tools,Global,for-profit
oemof,https://github.com/oemof,https://oemof.org,Germany,non-profit
Ecohackerfarm,https://github.com/Ecohackerfarm,https://wiki.ecohackerfarm.org,Germany,community
afsc-gap-products,https://github.com/afsc-gap-products,https://www.fisheries.noaa.gov/contact/groundfish-assessment-program,USA,government agency
QSD-Group,https://github.com/QSD-Group,,Global,academia
ices-tools-prod,https://github.com/ices-tools-prod,https://www.ices.dk/data/tools/Pages/Software.aspx,Denmark,academia
USGS-CMG,https://github.com/USGS-CMG,http://marine.usgs.gov,USA,government agency
ACCESS-NRI,https://github.com/ACCESS-NRI,https://www.access-nri.org.au/,,
ecmwf,https://github.com/ecmwf,http://www.ecmwf.int,UK,government agency
AdamWilsonLab,https://github.com/AdamWilsonLab,http://github.com/adamwilsonlab,,
UW-SASWE,https://github.com/UW-SASWE,https://saswe.net/,,
we3lab,https://github.com/we3lab,,,
RentadroneCL,https://github.com/RentadroneCL,https://simplemap.io,Chile,community
bird-house,https://github.com/bird-house,http://bird-house.github.io/,Global,collaboration
greco-project,https://github.com/greco-project,https://www.greco-project.eu/,EU,collaboration
os-climate,https://github.com/os-climate,http://os-climate.org,Global,collaboration
microsoft,https://github.com/microsoft,https://opensource.microsoft.com,USA,for-profit
mhm,https://git.ufz.de/mhm,,,
icon,https://gitlab.dkrz.de/icon,,,
NVIDIA,https://github.com/NVIDIA,http://www.nvidia.com,USA,for-profit
VeinsOfTheEarth,https://github.com/VeinsOfTheEarth,https://veinsoftheearth.github.io/RivGraph/,Global,community
ltrr-arizona-edu,https://github.com/ltrr-arizona-edu,http://ltrr.arizona.edu/,USA,academia
Moore-Institute-4-Plastic-Pollution-Res,https://github.com/Moore-Institute-4-Plastic-Pollution-Res,http://mooreplasticresearch.org,,
MobilityData,https://github.com/MobilityData,https://mobilitydata.org/,Global,collaboration
SlideRuleEarth,https://github.com/SlideRuleEarth,https://slideruleearth.io/,,
CARDAMOM-framework,https://github.com/CARDAMOM-framework,,,
nwfsc-cb,https://github.com/nwfsc-cb,,,
EcologyR,https://github.com/EcologyR,,,
quintel,https://github.com/quintel,http://quintel.com,Netherlands,for-profit
alan-turing-institute,https://github.com/alan-turing-institute,https://turing.ac.uk,UK,government agency
USEPA,https://github.com/USEPA,https://www.epa.gov,USA,government agency
adeverse,https://github.com/adeverse,,,
brightway-lca,https://github.com/brightway-lca,https://docs.brightway.dev/,Global,community
ropensci,https://github.com/ropensci,https://ropensci.org/,USA,non-profit
EMODnet,https://github.com/EMODnet,https://emodnet.ec.europa.eu,,
DOI-BOR,https://github.com/DOI-BOR,https://www.usbr.gov/,,
hyriver,https://github.com/hyriver,https://docs.hyriver.io,USA,community
FREVA-CLINT,https://github.com/FREVA-CLINT,,Germany,community
NIEHS,https://github.com/NIEHS,https://www.niehs.nih.gov/,,
Aalto-QuML,https://github.com/Aalto-QuML,,,
kike-canaries,https://github.com/kike-canaries,http://canair.io,,
electricitymaps,https://github.com/electricitymaps,https://electricitymaps.com,Denmark,for-profit
BigDataWUR,https://github.com/BigDataWUR,,,
green-coding-solutions,https://github.com/green-coding-solutions,https://www.green-coding.io,,
fluctuo,https://github.com/fluctuo,https://fluctuo.com,,
Green-Software-Foundation,https://github.com/Green-Software-Foundation,https://greensoftware.foundation,USA,non-profit
MTES-MCT,https://github.com/MTES-MCT,https://ecologie.gouv.fr/,France,government agency
mcsc-impact-climate,https://github.com/mcsc-impact-climate,,,
xarray-contrib,https://github.com/xarray-contrib,https://xarray.dev,Global,community
csiro-hydroinformatics,https://github.com/csiro-hydroinformatics,,,
fiboa,https://github.com/fiboa,,,
ECMWFCode4Earth,https://github.com/ECMWFCode4Earth,https://codeforearth.ecmwf.int,Global,government agency
slacgismo,https://github.com/slacgismo,https://gismo.slac.stanford.edu/,USA,academia
aiddata,https://github.com/aiddata,http://aiddata.org,,
kartevonmorgen,https://github.com/kartevonmorgen,https://kartevonmorgen.org,,
ipeaGIT,https://github.com/ipeaGIT,https://portalantigo.ipea.gov.br/portal/,Brazil,government agency
usgs,https://github.com/usgs,https://www.usgs.gov/,,
worldbank,https://github.com/worldbank,,,
Big-Life-Lab,https://github.com/Big-Life-Lab,http://www.ohri.ca,,
sandialabs,https://github.com/sandialabs,https://software.sandia.gov,USA,government agency
bcgov,https://github.com/bcgov,https://github.com/bcgov/BC-Policy-Framework-For-GitHub,Canada,government agency
FixMyBerlin,https://github.com/FixMyBerlin,https://www.fixmycity.de/,,
WSWUP,https://github.com/WSWUP,https://www.dri.edu/western-states-water-use-program,USA,government agency
google-research,https://github.com/google-research,https://research.google,USA,for-profit
Orion-AI-Lab,https://github.com/Orion-AI-Lab,http://orionlab.space.noa.gr/,Greece,government agency
nychealth,https://github.com/nychealth,http://www.nyc.gov/health,,
ioos,https://github.com/ioos,http://ioos.github.io,,
cozy,https://github.com/cozy,https://cozy.io,,
CEA-Liten,https://github.com/CEA-Liten,https://liten.cea.fr/cea-tech/liten/english/Pages/Welcome.aspx,,
ISSMteam,https://github.com/ISSMteam,https://issm.jpl.nasa.gov,,
ProjectDrawdown,https://github.com/ProjectDrawdown,https://drawdown.org/,USA,non-profit
iiasa,https://github.com/iiasa,https://www.iiasa.ac.at,Austria,academia
openclimatefix,https://github.com/openclimatefix,http://openclimatefix.org,UK,non-profit
columncolab,https://github.com/columncolab,https://columncolab.github.io/EMC2/,Global,community
technologiestiftung,https://github.com/technologiestiftung,https://www.technologiestiftung-berlin.de,Germany,non-profit
kausaltech,https://github.com/kausaltech,https://kausal.tech,,
incubateur-ademe,https://github.com/incubateur-ademe,http://incubateur-ademe.beta.gouv.fr,,
APSIMInitiative,https://github.com/APSIMInitiative,,Australia,government agency
SEED-platform,https://github.com/SEED-platform,http://energy.gov/eere/buildings/standard-energy-efficiency-data-platform,USA,government agency
FAIR-Chem,https://github.com/FAIR-Chem,,,
dynawo,https://github.com/dynawo,,,
NOAA-GFDL,https://github.com/NOAA-GFDL,http://www.gfdl.noaa.gov,USA,government agency
opengeos,https://github.com/opengeos,https://opengeos.github.io,Global,community
awslabs,https://github.com/awslabs,http://amazon.com/aws/,,
geco-bern,https://github.com/geco-bern,http://geco-group.org,,
ARM-DOE,https://github.com/ARM-DOE,https://www.arm.gov/,USA,government agency
project-pareto,https://github.com/project-pareto,,,
cal-adapt,https://github.com/cal-adapt,https://cal-adapt.org,,
eurec4a,https://github.com/eurec4a,,,
teikei,https://github.com/teikei,http://ernte-teilen.org,,
tobac-project,https://github.com/tobac-project,,,
AgriculturalModelExchangeInitiative,https://github.com/AgriculturalModelExchangeInitiative,,,
genai-impact,https://github.com/genai-impact,,,
FoodOntology,https://github.com/FoodOntology,http://foodon.org,,
USDA-ARS-ACSL,https://github.com/USDA-ARS-ACSL,https://www.ars.usda.gov/nea/barc/acsl,,
precision-sustainable-ag,https://github.com/precision-sustainable-ag,http://www.precisionsustainableag.org,,
cropbox,https://github.com/cropbox,,,
Open-Agriculture,https://github.com/Open-Agriculture,,,
Energinet-DataHub,https://github.com/Energinet-DataHub,https://energinet.dk/,,
OPERA-Cal-Val,https://github.com/OPERA-Cal-Val,,,
ICTP,https://github.com/ICTP,http://www.ictp.it,,
NCAR,https://github.com/NCAR,http://ncar.ucar.edu,USA,government agency
CABLE-LSM,https://github.com/CABLE-LSM,,,
environmental-modeling-workflows,https://github.com/environmental-modeling-workflows,,,
Open-Sustainability-Index,https://github.com/Open-Sustainability-Index,http://opensustainabilityindex.org,,
secondlaw-ai,https://github.com/secondlaw-ai,,,
r-lidar,https://github.com/r-lidar,https://github.com/r-lidar,Global,community
reagro,https://github.com/reagro,,,
emf-creaf,https://github.com/emf-creaf,https://emf.creaf.cat/,,
GeoscienceAustralia,https://github.com/GeoscienceAustralia,http://www.ga.gov.au/,Australia,government agency
foodsharing-dev,https://gitlab.com/foodsharing-dev,,,
gmlc-dispatches,https://github.com/gmlc-dispatches,,,
WildMeOrg,https://github.com/WildMeOrg,https://wildme.org,USA,non-profit
iClimate,https://github.com/iClimate,,,
adcirc,https://github.com/adcirc,http://www.adcirc.org,,
Ingenjorsarbete-For-Klimatet,https://github.com/Ingenjorsarbete-For-Klimatet,https://www.ingenjorsarbeteforklimatet.se,,
openenergymonitor,https://github.com/openenergymonitor,https://openenergymonitor.org,UK,community
environmentalinformatics-marburg,https://github.com/environmentalinformatics-marburg,http://www.environmentalinformatics-marburg.de,,
fernlab,https://git.gfz-potsdam.de/fernlab,,,
EnMAP,https://git.gfz-potsdam.de/EnMAP,,,
CryoInTheCloud,https://github.com/CryoInTheCloud,,,
WildlifeDatasets,https://github.com/WildlifeDatasets,,,
censusdis,https://github.com/censusdis,,,
ecmwf-projects,https://github.com/ecmwf-projects,http://www.ecmwf.int,UK,government agency
Hydrology-IFH,https://github.com/Hydrology-IFH,http://www.hydro.uni-freiburg.de/,,
umd-cgs,https://github.com/umd-cgs,,,
storm-fsv-cvut,https://github.com/storm-fsv-cvut,http://storm.fsv.cvut.cz/?lang=en,,
NCC-CNC,https://github.com/NCC-CNC,,,
pbs-assess,https://github.com/pbs-assess,,Global,community
ROVI-org,https://github.com/ROVI-org,,,
mllam,https://github.com/mllam,,,
LibreSolar,https://github.com/LibreSolar,https://libre.solar,Germany,community
tetratech,https://github.com/tetratech,,,
SchmidtDSE,https://github.com/SchmidtDSE,https://dse.berkeley.edu/,USA,academia
xoceanmodel,https://github.com/xoceanmodel,,,
CLIMAAX,https://github.com/CLIMAAX,,,
ESCOMP,https://github.com/ESCOMP,https://escomp.github.io/,Global,collaboration
Smithsonian,https://github.com/Smithsonian,https://si.edu/,,
gbif,https://github.com/gbif,https://www.gbif.org,Global,collaboration
carboniferio,https://github.com/carboniferio,https://carbonifer.io/,,
UMR-CNRM,https://github.com/UMR-CNRM,http://www.umr-cnrm.fr,,
funecology,https://github.com/funecology,,,
osdg-ai,https://github.com/osdg-ai,https://osdg.ai,Global,academia
google,https://github.com/google,https://opensource.google/,USA,for-profit
podaac,https://github.com/podaac,http://podaac.jpl.nasa.gov,,
opendcs,https://github.com/opendcs,,,
it-is-me-mario,https://github.com/it-is-me-mario,https://mario-suite.readthedocs.io/en/latest/index.html,,
M3Works,https://github.com/M3Works,http://m3works.io,,
pik-copan,https://github.com/pik-copan,https://www.pik-potsdam.de/copan,,
Deltares,https://github.com/Deltares,https://www.deltares.nl/en/,Netherlands,academia
NINAnor,https://github.com/NINAnor,http://www.nina.no,Norway,non-profit
SWOT-community,https://github.com/SWOT-community,,,
EcohydrologyTeam,https://github.com/EcohydrologyTeam,,,
hashgraph,https://github.com/hashgraph,https://hedera.com,USA,for-profit
openfoodfacts,https://github.com/openfoodfacts,https://world.openfoodfacts.org/,France,non-profit
OHI-Science,https://github.com/OHI-Science,http://ohi-science.org/,USA,collaboration
polca,https://github.com/polca,,Global,community
OpenModelica,https://github.com/OpenModelica,https://openmodelica.org,Sweden,non-profit
PlanktoScope,https://github.com/PlanktoScope,https://www.planktoscope.org,Global,community
sentinel-hub,https://github.com/sentinel-hub,https://www.sentinel-hub.com,Slovenia,for-profit
ISRICWorldSoil,https://github.com/ISRICWorldSoil,http://isric.org,Netherlands,non-profit
NREL-Sienna,https://github.com/NREL-Sienna,https://www.nrel.gov/analysis/sienna.html,USA,government agency
chihacknight,https://github.com/chihacknight,http://chihacknight.org/,USA,non-profit
danforthcenter,https://github.com/danforthcenter,https://danforthcenter.org,USA,non-profit
inbo,https://github.com/inbo,http://www.inbo.be/en,,
SolarNetwork,https://github.com/SolarNetwork,https://solarnetwork.net/,,
ncsu-landscape-dynamics,https://github.com/ncsu-landscape-dynamics,http://geospatial.ncsu.edu/landscapedynamics/,USA,academia
DSSAT,https://github.com/DSSAT,http://dssat.net/,USA,for-profit
radiantearth,https://github.com/radiantearth,https://www.radiant.earth,USA,non-profit
weecology,https://github.com/weecology,http://weecology.org,USA,academia
wildlife-dynamics,https://github.com/wildlife-dynamics,,,
pyinat,https://github.com/pyinat,https://pyinaturalist.readthedocs.io,Global,community
E3SM-Project,https://github.com/E3SM-Project,http://e3sm.org,USA,government agency
contrailcirrus,https://github.com/contrailcirrus,https://contrails.org,Global,collaboration
scope3data,https://github.com/scope3data,https://scope3.com,USA,for-profit
turbinesFoam,https://github.com/turbinesFoam,https://www.openfoam.com/,Global,academia
landlab,https://github.com/landlab,http://landlab.github.io,USA,academia
awesome-spectral-indices,https://github.com/awesome-spectral-indices,https://awesome-ee-spectral-indices.readthedocs.io/en/latest/,Global,community
leap-stc,https://github.com/leap-stc,https://leap.columbia.edu/,USA,academia
uataq,https://github.com/uataq,https://air.utah.edu,USA,academia
ClimateWatch-Vizzuality,https://github.com/ClimateWatch-Vizzuality,https://www.climatewatchdata.org/,USA,non-profit
BEMRosetta,https://github.com/BEMRosetta,,Global,community
forestgeo,https://github.com/forestgeo,http://www.forestgeo.si.edu/,Panama,academia
FZJ-IEK3-VSA,https://github.com/FZJ-IEK3-VSA,https://www.fz-juelich.de/iek/iek-3/EN/Home/home_node.html,Germany,government agency
TRI-AMDD,https://github.com/TRI-AMDD,https://www.tri.global/our-work/material-design/,Global,for-profit
data-mermaid,https://github.com/data-mermaid,https://datamermaid.org,Global,collaboration
ONEARMY,https://github.com/ONEARMY,https://www.onearmy.earth/,Global,community
r-spatial,https://github.com/r-spatial,https://github.com/r-spatial,,
RMI-PACTA,https://github.com/RMI-PACTA,https://pacta.rmi.org/,Germany,non-profit
ICOS-Carbon-Portal,https://github.com/ICOS-Carbon-Portal,https://www.icos-cp.eu,Sweden,government agency
eurodatacube,https://github.com/eurodatacube,https://eurodatacube.com,,
byrd-polar,https://github.com/byrd-polar,https://byrd.osu.edu/,USA,academia
digitalearthafrica,https://github.com/digitalearthafrica,https://digitalearthafrica.org,Global,collaboration
EnergySystemsModellingLab,https://github.com/EnergySystemsModellingLab,,,
JGCRI,https://github.com/JGCRI,https://www.pnnl.gov/projects/jgcri,USA,academia
SciTools,https://github.com/SciTools,https://scitools.org.uk/,UK,government agency
WEC-Sim,https://github.com/WEC-Sim,http://wec-sim.github.io/WEC-Sim/,USA,government agency
prommis,https://github.com/prommis,,,
grid-parity-exchange,https://github.com/grid-parity-exchange,,Global,academia
cerfacs-globc,https://github.com/cerfacs-globc,https://www.cerfacs.fr/,France,collaboration
OasisLMF,https://github.com/OasisLMF,http://oasislmf.github.io,UK,for-profit
OpenEMS,https://github.com/OpenEMS,http://openems.io,Germany,non-profit
NCEAS,https://github.com/NCEAS,https://www.nceas.ucsb.edu,USA,academia
metno,https://github.com/metno,https://www.met.no,Norway ,government agency
Vizzuality,https://github.com/Vizzuality,http://www.vizzuality.com,Spain,for-profit
atmoswing,https://github.com/atmoswing,http://www.atmoswing.org,Switzerland,community
uaf-arctic-eco-modeling,https://github.com/uaf-arctic-eco-modeling,https://uaf-arctic-eco-modeling.github.io/dvm-dos-tem/,Global,community
ECSIM,https://github.com/ECSIM,https://ecsim.ir,Iran,academia
cpmodel,https://github.com/cpmodel,,,
e2nIEE,https://github.com/e2nIEE,http://www.pandapower.org/,Germany,academia
GEUS-Glaciology-and-Climate,https://github.com/GEUS-Glaciology-and-Climate,https://eng.geus.dk/about/organisation/departments/glaciology-and-climate,Denmark,academia
ORNL-AMO,https://github.com/ORNL-AMO,https://ornl-amo.github.io/,USA,government agency
iodepo,https://github.com/iodepo,http://www.iode.org,Global,government agency
ev-map,https://github.com/ev-map,https://ev-map.app/,Germany,community
ExeClim,https://github.com/ExeClim,https://execlim.github.io/IscaWebsite/,UK,academia
CMU-CREATE-Lab,https://github.com/CMU-CREATE-Lab,http://cmucreatelab.org,USA,academia
OpenFAST,https://github.com/OpenFAST,https://openfast.readthedocs.io,USA,government agency
lanl-ansi,https://github.com/lanl-ansi,https://lanl-ansi.github.io/,USA,government agency
SpeciesFileGroup,https://github.com/SpeciesFileGroup,http://speciesfilegroup.org,USA,academia
CenterForTheBuiltEnvironment,https://github.com/CenterForTheBuiltEnvironment,http://cbe.berkeley.edu,USA,academia
Ribbit-Network,https://github.com/Ribbit-Network,https://ribbitnetwork.org/,Global,community
pvlib,https://github.com/pvlib,https://pvlib-python.readthedocs.io/en/stable/,Global,community
ConservationInternational,https://github.com/ConservationInternational,https://www.conservation.org/,Global,non-profit
WildEyeConservation,https://github.com/WildEyeConservation,https://wildeyeconservation.org/,,
inaturalist,https://github.com/inaturalist,http://www.inaturalist.org,USA,collaboration
openforis,https://github.com/openforis,http://www.openforis.org,Italy,collaboration
karrot-dev,https://github.com/karrot-dev,https://karrot.world,Global,community
International-Soil-Radiocarbon-Database,https://github.com/International-Soil-Radiocarbon-Database,https://soilradiocarbon.org/,USA,academia
inasafe,https://github.com/inasafe,http://inasafe.org,Global,collaboration
nsidc,https://github.com/nsidc,http://www.nsidc.org/,USA,government agency
dtcenter,https://github.com/dtcenter,https://dtcenter.org,USA,collaboration
DFO-Ocean-Navigator,https://github.com/DFO-Ocean-Navigator,http://navigator.oceansdata.ca,Canada,academia
green-code-initiative,https://github.com/green-code-initiative,,Global,community
dsmrreader,https://github.com/dsmrreader,https://dsmr-reader.readthedocs.io,Netherlands,community
FlexMeasures,https://github.com/FlexMeasures,https://flexmeasures.io,Global,collaboration
RWTH-EBC,https://github.com/RWTH-EBC,http://www.ebc.eonerc.rwth-aachen.de/,Germany,academia
LCA-ActivityBrowser,https://github.com/LCA-ActivityBrowser,,Netherlands,community
spatialmodel,https://github.com/spatialmodel,https://inmap.run/,Global,community
pledge4future,https://github.com/pledge4future,,Germany,community
meirim-org,https://github.com/meirim-org,http://www.meirim.org,,
nasa,https://github.com/nasa,https://github.com/nasa/nasa.github.io/blob/master/docs/INSTRUCTIONS.md,USA,government agency
steve-community,https://github.com/steve-community,,Germany,community
datazoompuc,https://github.com/datazoompuc,http://www.econ.puc-rio.br/datazoom/english/index.html,Brazil,academia
spaceml-org,https://github.com/spaceml-org,http://spaceml.org,Global,collaboration
python-windrose,https://github.com/python-windrose,,Global,community
IAMconsortium,https://github.com/IAMconsortium,https://www.iamconsortium.org,Global,collaboration
Universite-Gustave-Eiffel,https://github.com/Universite-Gustave-Eiffel,https://www.univ-gustave-eiffel.fr/,France,academia
NCAS-CMS,https://github.com/NCAS-CMS,http://cms.ncas.ac.uk/,UK,government agency
IMMM-SFA,https://github.com/IMMM-SFA,https://im3.pnnl.gov/,USA,government agency
PowerGenome,https://github.com/PowerGenome,,USA,community
lf-energy,https://github.com/lf-energy,https://lfenergy.org,Global,collaboration
ml-energy,https://github.com/ml-energy,https://ml.energy,USA,academia
Plant-for-the-Planet-org,https://github.com/Plant-for-the-Planet-org,https://www.plant-for-the-planet.org,Germany,non-profit
pnnl,https://github.com/pnnl,http://www.pnnl.gov/,,
lbl-srg,https://github.com/lbl-srg,https://buildings.lbl.gov/modeling-simulation,USA,government agency
OpenEnergyPlatform,https://github.com/OpenEnergyPlatform,https://github.com/OpenEnergyPlatform/organisation/blob/master/README.md,Germany,collaboration
kitzeslab,https://github.com/kitzeslab,,,
GEOS-ESM,https://github.com/GEOS-ESM,https://gmao.gsfc.nasa.gov/index.php,USA,government agency
EVerest,https://github.com/EVerest,https://www.lfenergy.org/projects/everest/,Germany,for-profit
eWaterCycle,https://github.com/eWaterCycle,http://www.ewatercycle.org,Netherlands,academia
ufs-community,https://github.com/ufs-community,https://ufscommunity.org/,USA,community
GFDRR,https://github.com/GFDRR,https://www.gfdrr.org/en,Global,government agency
sizespectrum,https://github.com/sizespectrum,https://sizespectrum.org/mizer/,UK,academia
ClimateMind,https://github.com/ClimateMind,https://climatemind.org,Global,community
wallaceEcoMod,https://github.com/wallaceEcoMod,http://wallaceecomod.github.io,Global,community
GridMod,https://github.com/GridMod,https://www.nrel.gov/grid/reliability-test-system.html,USA,government agency
vocalpy,https://github.com/vocalpy,https://forum.vocalpy.org/,,
rte-antares-rpackage,https://github.com/rte-antares-rpackage,https://rte-antares-rpackage.github.io/rPackagesRte/,Global,community
climlab,https://github.com/climlab,,USA,academia
matplotlib,https://github.com/matplotlib,https://matplotlib.org,,
ECCC-MSC,https://github.com/ECCC-MSC,https://www.ec.gc.ca/meteo-weather,,
JuliaEnergy,https://github.com/JuliaEnergy,,Global,community
JuliaDataCubes,https://github.com/JuliaDataCubes,https://juliadatacubes.github.io/EarthDataLab.jl/latest/,Global,community
TUW-GEO,https://github.com/TUW-GEO,http://geo.tuwien.ac.at,Austria,academia
UU-Hydro,https://github.com/UU-Hydro,http://www.globalhydrology.nl/,Netherlands,academia
ScottLogic,https://github.com/ScottLogic,https://www.scottlogic.com/our-commitment-open-source,,
pmlmodelling,https://github.com/pmlmodelling,https://pml.ac.uk/science/Marine-Systems-Modelling,UK,non-profit
Accenture,https://github.com/Accenture,https://accenture.github.io,,
pytroll,https://github.com/pytroll,http://pytroll.org/,Global,community
geocryology,https://github.com/geocryology,http://www.carleton.ca/permafrost,Canada,academia
LIVVkit,https://github.com/LIVVkit,https://climatemodeling.science.energy.gov/technical-highlights/land-ice-verification-and-validation-toolkit-livvkit,USA,government agency
PredictiveEcology,https://github.com/PredictiveEcology,https://PredictiveEcology.org,Canada,community
UdK-VPT,https://github.com/UdK-VPT,http://www.arch.udk-berlin.de/vpt,Germany,academia
vocol,https://github.com/vocol,https://github.com/vocol/vocol,Germany,academia
carbonplan,https://github.com/carbonplan,http://carbonplan.org,Global,non-profit
worlddynamics,https://github.com/worlddynamics,,Global,community
OnSSET,https://github.com/OnSSET,http://www.onsset.org,Sweden,academia
pik-piam,https://github.com/pik-piam,https://www.pik-potsdam.de/,Germany,non-profit
forefireAPI,https://github.com/forefireAPI,,,
pfmc-assessments,https://github.com/pfmc-assessments,,USA,government agency
ReMobidyc,https://github.com/ReMobidyc,,Japan,community
Servir-Mekong,https://github.com/Servir-Mekong,http://servir.adpc.net,Thailand,collaboration
OMS-NetZero,https://github.com/OMS-NetZero,https://fair.readthedocs.io/en/latest/,Global,community
SwitchEV,https://github.com/SwitchEV,https://www.switch-ev.com,UK,for-profit
cedadev,https://github.com/cedadev,http://www.ceda.ac.uk,UK,academia
oceanmodeling,https://github.com/oceanmodeling,,Global,collaboration
mobility-team,https://github.com/mobility-team,https://mobility-team.github.io/,France,community
Azure,https://github.com/Azure,https://docs.microsoft.com/en-us/azure/,USA,for-profit
Boavizta,https://github.com/Boavizta,https://boavizta.org/en,France,community
quant-aq,https://github.com/quant-aq,https://www.quant-aq.com,,
Open-Acidification,https://github.com/Open-Acidification,https://open-acidification.github.io/,USA,community
SantanderMetGroup,https://github.com/SantanderMetGroup,http://www.meteo.unican.es,Spain,academia
trenchproject,https://github.com/trenchproject,https://trenchproject.com,,
atmoschem,https://github.com/atmoschem,https://atmoschem.github.io/,Global,community
mdolab,https://github.com/mdolab,http://mdolab.engin.umich.edu,USA,academia
pyet-org,https://github.com/pyet-org,https://github.com/phydrus/pyet,Global,community
JuliaOcean,https://github.com/JuliaOcean,https://github.com/JuliaOcean,Global,community
CornellLabofOrnithology,https://github.com/CornellLabofOrnithology,http://www.birds.cornell.edu,USA,academia
wimlds-trojmiasto,https://github.com/wimlds-trojmiasto,,,
byuflowlab,https://github.com/byuflowlab,http://flow.byu.edu,USA,academia
UMN-Hydro,https://github.com/UMN-Hydro,,USA,government agency
pommes-public,https://github.com/pommes-public,,,
Good-Data-Hub,https://github.com/Good-Data-Hub,http://gooddatahub.co,USA,for-profit
UMEP-dev,https://github.com/UMEP-dev,,Global,community
allenai,https://github.com/allenai,http://www.allenai.org,USA,non-profit
BioPAL,https://github.com/BioPAL,https://biopal.org/,Global,community
cisco-open,https://github.com/cisco-open,https://opensource.cisco.com,,
SunPower,https://github.com/SunPower,https://sunpower.github.io/,USA,for-profit
WISDEM,https://github.com/WISDEM,https://www.nrel.gov/wind/systems-engineering.html,USA,government agency
reegis,https://github.com/reegis,https://deflex.readthedocs.io/en/latest/,Global,community
red-list-ecosystem,https://github.com/red-list-ecosystem,http://iucnrle.org/,Australia,non-profit
NOAA-OWP,https://github.com/NOAA-OWP,https://water.noaa.gov/,USA,government agency
permafrostnet,https://gitlab.com/permafrostnet,,,
pacificclimate,https://github.com/pacificclimate,http://www.pacificclimate.org/,Canada,academia
amazon-science,https://github.com/amazon-science,https://amazon.science,Global,for-profit
bonsamurais,https://gitlab.com/bonsamurais,,,
Open-ET,https://github.com/Open-ET,https://etdata.org/,USA,non-profit
tum-ens,https://github.com/tum-ens,http://www.ens.ei.tum.de,Germany,academia
tbep-tech,https://github.com/tbep-tech,https://tbep-tech.github.io/,USA,government agency
cat-cfs,https://github.com/cat-cfs,,,
FRBCesab,https://github.com/FRBCesab,https://www.fondationbiodiversite.fr/en/about-the-foundation/le-cesab/,France,academia
sustainlab-group,https://github.com/sustainlab-group,https://sustain.stanford.edu/,USA,academia
ONEcampaign,https://github.com/ONEcampaign,https://www.one.org,,
voltbras,https://github.com/voltbras,https://voltbras.com.br/,Brazil,for-profit
UCSB-VRL,https://github.com/UCSB-VRL,http://vision.ece.ucsb.edu,USA,academia
openmodels,https://github.com/openmodels,,Global,community
HFAiLab,https://github.com/HFAiLab,https://www.high-flyer.cn/,,
openclimatedata,https://github.com/openclimatedata,https://openclimatedata.net,Germany,community
publicissapient-france,https://github.com/publicissapient-france,https://blog.engineering.publicissapient.fr,,
OpenTopography,https://github.com/OpenTopography,http://www.opentopography.org,USA,academia
prioritizr,https://github.com/prioritizr,https://prioritizr.net/,Global,community
bluegreen-labs,https://github.com/bluegreen-labs,http://bluegreenlabs.org,Belgium,academia
NASA-IMPACT,https://github.com/NASA-IMPACT,https://earthdata.nasa.gov/esds/impact,USA,government agency
pik-primap,https://github.com/pik-primap,https://www.pik-potsdam.de/,Germany,government agency
stripe,https://github.com/stripe,https://stripe.com,USA,for-profit
Ouranosinc,https://github.com/Ouranosinc,http://www.ouranos.ca,Canada,non-profit
projecthorus,https://github.com/projecthorus,http://projecthorus.org/,Australia,community
hafs-community,https://github.com/hafs-community,,USA,community
TEOS-10,https://github.com/TEOS-10,http://www.TEOS-10.org,,
gicait,https://github.com/gicait,http://geoinfo.ait.ac.th/,Thailand,academia
tum-esm,https://github.com/tum-esm,https://www.ei.tum.de/esm,Germany,academia
envite-consulting,https://github.com/envite-consulting,https://envite.de,Germany,for-profit
openfoodfoundation,https://github.com/openfoodfoundation,http://openfoodfoundation.org/,Australia,non-profit
p2irc,https://github.com/p2irc,http://p2irc.usask.ca,Canada,academia
Unidata,https://github.com/Unidata,https://www.unidata.ucar.edu/,USA,academia
AI4S2S,https://github.com/AI4S2S,,Global,community
ibpsa,https://github.com/ibpsa,http://www.ibpsa.org,Global,collaboration
BIG-MAP,https://github.com/BIG-MAP,https://www.big-map.eu/,,
PowerGridModel,https://github.com/PowerGridModel,,Netherlands,community
EvolEcolGroup,https://github.com/EvolEcolGroup,http://www.eeg.zoo.cam.ac.uk/,UK,academia
CADWRDeltaModeling,https://github.com/CADWRDeltaModeling,,,
NOAA-EDAB,https://github.com/NOAA-EDAB,https://www.nefsc.noaa.gov/ecosys/,USA,government agency
com-pas,https://github.com/com-pas,https://www.lfenergy.org/all-projects/compas/,Global,collaboration
eea,https://github.com/eea,https://www.eea.europa.eu,Denmark,government agency
zalf-rpm,https://github.com/zalf-rpm,http://www.zalf.de/en/struktur/fds/Pages/default.aspx,Germany,non-profit
SAP-samples,https://github.com/SAP-samples,https://developers.sap.com/,Germany,for-profit
CCSI-Toolset,https://github.com/CCSI-Toolset,https://www.acceleratecarboncapture.org/,Global,collaboration
rOpenGov,https://github.com/rOpenGov,http://ropengov.org,Global,community
allometric,https://github.com/allometric,https://allometric.github.io/allometric/,Global,community
OpenDroneMap,https://github.com/OpenDroneMap,https://opendronemap.org,Global,community
architecture-building-systems,https://github.com/architecture-building-systems,http://systems.arch.ethz.ch,Switzerland,academia
OpenEnergyDashboard,https://github.com/OpenEnergyDashboard,https://openenergydashboard.github.io/,Global,community
hydroshare,https://github.com/hydroshare,http://hydroshare.cuahsi.org/,USA,academia
EVNotify,https://github.com/EVNotify,https://evnotify.com/,Global,community
NRCan,https://github.com/NRCan,https://natural-resources.canada.ca/,Canada,government agency
CliMT,https://github.com/CliMT,https://climt.readthedocs.io/en/latest/,Global,community
ternaustralia,https://github.com/ternaustralia,http://www.tern.org.au,,
MITgcm,https://github.com/MITgcm,http://mitgcm.org/,USA,academia
wrf-model,https://github.com/wrf-model,http://www2.mmm.ucar.edu/wrf/users/,USA,academia
DPGAlliance,https://github.com/DPGAlliance,http://digitalpublicgoods.net,Global,collaboration
pypsa-meets-earth,https://github.com/pypsa-meets-earth,https://pypsa-meets-earth.github.io/,Global,community
mesmo-dev,https://github.com/mesmo-dev,https://www.tum-create.edu.sg/research/project/mesmo-multi-energy-system-modelling-optimisation,Germany,academia
Project-AgML,https://github.com/Project-AgML,,,
MoBiodiv,https://github.com/MoBiodiv,https://www.idiv.de/en,Germany,academia
openscm,https://github.com/openscm,,Global,community
smrt-model,https://github.com/smrt-model,https://www.smrt-model.science/,Global,community
openfarmcc,https://github.com/openfarmcc,http://www.openfarm.cc,Global,community
remindmodel,https://github.com/remindmodel,https://www.pik-potsdam.de/research/transformation-pathways/models/remind,Germany,academia
noaa-oar-arl,https://github.com/noaa-oar-arl,https://www.arl.noaa.gov,,
open-atmos,https://github.com/open-atmos,,Global,community
shootismoke,https://github.com/shootismoke,https://shootismoke.app,Global,community
ESMG,https://github.com/ESMG,https://www.myroms.org/,Canada,academia
cityssm,https://github.com/cityssm,https://cityssm.github.io,,
atmtools,https://github.com/atmtools,https://www.radiativetransfer.org/,Global,academia
gnames,https://github.com/gnames,,Global,community
firetools,https://github.com/firetools,,Italy,community
GSA,https://github.com/GSA,https://open.gsa.gov,USA,government agency
open-meteo,https://github.com/open-meteo,https://open-meteo.com,Switzerland,community
IBM,https://github.com/IBM,https://www.ibm.com/opensource/,USA,for-profit
erf-model,https://github.com/erf-model,https://erf.readthedocs.io/en/latest/,USA,academia
PyPSA,https://github.com/PyPSA,http://www.pypsa.org,Global,community
EcoJulia,https://github.com/EcoJulia,https://ecojulia.org/,Global,community
mila-iqia,https://github.com/mila-iqia,https://mila.quebec/,,
bikeindex,https://github.com/bikeindex,https://bikeindex.org,USA,non-profit
onaci,https://github.com/onaci,https://www.csiro.au/en/about/people/business-units/Oceans-and-Atmosphere,Australia,government agency
ClimateImpactLab,https://github.com/ClimateImpactLab,https://impactlab.org,USA,non-profit
ScienceBasedTargets,https://github.com/ScienceBasedTargets,https://sciencebasedtargets.org/,Global,collaboration
e-sensing,https://github.com/e-sensing,http://www.esensing.org,Brazil,academia
AtlasOfLivingAustralia,https://github.com/AtlasOfLivingAustralia,https://www.ala.org.au,Australia,government agency
wri,https://github.com/wri,https://wri.org,USA,non-profit
openaq,https://github.com/openaq,https://openaq.org,Global,non-profit
PnX-SI,https://github.com/PnX-SI,https://www.parcsnationaux.fr/fr,France,government agency
NOAA-PMEL,https://github.com/NOAA-PMEL,http://www.pmel.noaa.gov,USA,academia
DataONEorg,https://github.com/DataONEorg,https://dataone.org,USA,community
3DStreet,https://github.com/3DStreet,http://3dstreet.org,,
techmatters,https://github.com/techmatters,https://techmatters.org/,USA,non-profit
UW-Hydro,https://github.com/UW-Hydro,https://uw-hydro.github.io/,USA,academia
sitkatech,https://github.com/sitkatech,https://www.esassoc.com,,
climate-tech-handbook,https://github.com/climate-tech-handbook,https://www.climatetechhandbook.com/,Global,community
nci,https://github.com/nci,http://nci.org.au/,,
calliope-project,https://github.com/calliope-project,https://www.callio.pe/,Global,community
openoakland,https://github.com/openoakland,http://openoakland.org,USA,non-profit
resource-watch,https://github.com/resource-watch,https://resourcewatch.org/,USA,non-profit
pybop-team,https://github.com/pybop-team,,Global,community
wildmountainfarms,https://github.com/wildmountainfarms,,Global,community
thetisproject,https://github.com/thetisproject,https://thetisproject.org/,Global,collaboration
OpenOlitor,https://github.com/OpenOlitor,http://www.openolitor.org,Global,community
firelab,https://github.com/firelab,http://firelab.org,,
meteoinfo,https://github.com/meteoinfo,http://www.meteothink.org/,China,academia
coralnet,https://github.com/coralnet,https://coralnet.ucsd.edu/,USA,academia
tdwg,https://github.com/tdwg,http://www.tdwg.org,Global,collaboration
icra,https://github.com/icra,https://www.icra.cat/,Spain,academia
WorldCereal,https://github.com/WorldCereal,https://esa-worldcereal.org/,,
systragroup,https://github.com/systragroup,https://www.systra.com,Global,for-profit
energyandcleanair,https://github.com/energyandcleanair,https://energyandcleanair.org/,,
QGEP,https://github.com/QGEP,https://qgep.github.io/docs/,Switzerland,community
mysociety,https://github.com/mysociety,https://www.mysociety.org/,UK,non-profit
wikirate,https://github.com/wikirate,https://wikirate.org/,Germany,non-profit
enviroCar,https://github.com/enviroCar,https://envirocar.org/,Germany,collaboration
coecms,https://github.com/coecms,http://climate-cms.unsw.wikispaces.net,Australia,government agency
openENTRANCE,https://github.com/openENTRANCE,https://openentrance.eu,Global,collaboration
SERVIR,https://github.com/SERVIR,https://www.servirglobal.net/,Global,collaboration
pyswmm,https://github.com/pyswmm,http://www.pyswmm.org,USA,community
Giswater,https://github.com/Giswater,http://www.giswater.org,Spain,non-profit
undp,https://github.com/undp,https://www.undp.org,Global,government agency
rOpenSpain,https://github.com/rOpenSpain,http://ropenspain.es,Spain,community
EnviroDIY,https://github.com/EnviroDIY,http://envirodiy.org/,USA,non-profit
WAM2layers,https://github.com/WAM2layers,,,
NOAA-ORR-ERD,https://github.com/NOAA-ORR-ERD,http://response.restoration.noaa.gov,USA,government agency
ocean-data-factory-sweden,https://github.com/ocean-data-factory-sweden,https://www.gu.se/,Sweden,academia
xCDAT,https://github.com/xCDAT,https://xcdat.readthedocs.org,Global,community
geoschem,https://github.com/geoschem,http://www.geos-chem.org,Global,academia
BoldingBruggeman,https://github.com/BoldingBruggeman,http://www.bolding-bruggeman.com,Italy,for-profit
traitecoevo,https://github.com/traitecoevo,,Australia,community
birdflow-science,https://github.com/birdflow-science,,,
opendata-stuttgart,https://github.com/opendata-stuttgart,http://codefor.de/stuttgart/,Germany,non-profit
ESIPFed,https://github.com/ESIPFed,http://esipfed.org,USA,collaboration
WCRP-CMIP,https://github.com/WCRP-CMIP,https://www.wcrp-climate.org/wgcm-cmip,Global,collaboration
smart-data-models,https://github.com/smart-data-models,https://smartdatamodels.org,Global,collaboration
google-deepmind,https://github.com/google-deepmind,https://www.deepmind.com/,,
Sen2Agri,https://github.com/Sen2Agri,http://www.esa-sen2agri.org/,Global,collaboration
uDALES,https://github.com/uDALES,https://udales.github.io/u-dales/,Netherlands,community
CURENT,https://github.com/CURENT,https://ltb.curent.org,USA,academia
JuliaClimate,https://github.com/JuliaClimate,https://juliaclimate.org/,Global,community
AER-RC,https://github.com/AER-RC,https://www.aer.com/science-research/atmosphere/radiative-transfer/,USA,for-profit
IrishMarineInstitute,https://github.com/IrishMarineInstitute,https://www.marine.ie/,Ireland,government agency
capstone-coal,https://github.com/capstone-coal,https://capstone-coal.github.io,Global,community
AgroCares,https://github.com/AgroCares,https://grasplan.nl/,Netherlands,community
CEMPD,https://github.com/CEMPD,http://www.ie.unc.edu/cempd/,USA,academia
iat-cener,https://github.com/iat-cener,https://www.cener.com,Spain,government agency
APA-Technology-Division,https://github.com/APA-Technology-Division,https://tech.planning.org/,USA,for-profit
AWF-GAUG,https://github.com/AWF-GAUG,http://www.uni-goettingen.de/en/67094.html,,
osmose-model,https://github.com/osmose-model,http://www.osmose-model.org,Global,community
WHOIGit,https://github.com/WHOIGit,http://www.whoi.edu,USA,non-profit
ESGF,https://github.com/ESGF,http://esgf.llnl.gov,USA,government agency
USDAForestService,https://github.com/USDAForestService,https://www.fs.usda.gov/,USA,government agency
RemoteSensingTools,https://github.com/RemoteSensingTools,https://remotesensingtools.github.io/vSmartMOM.jl/,Global,community
SoilBGC-Datashare,https://github.com/SoilBGC-Datashare,https://soilbgc-datashare.github.io/sidb/,Germany,academia
hundredrabbits,https://github.com/hundredrabbits,http://100r.co,Global,for-profit
GIS4WRF,https://github.com/GIS4WRF,https://gis4wrf.github.io,Global,community
fund-model,https://github.com/fund-model,http://www.fund-model.org,Global,community
sykefi,https://github.com/sykefi,http://www.syke.fi,,
uncefact,https://github.com/uncefact,https://www.unece.org/cefact/,,
IQuOD,https://github.com/IQuOD,https://www.iquod.org/,Global,collaboration
buds-lab,https://github.com/buds-lab,http://www.budslab.org,Singapore,academia
WWF-Deutschland,https://github.com/WWF-Deutschland,https://www.wwf.de,Germany,non-profit
thegreenwebfoundation,https://github.com/thegreenwebfoundation,https://www.thegreenwebfoundation.org,Netherlands,non-profit
compdyn,https://github.com/compdyn,,Global,community
pyronear,https://github.com/pyronear,https://pyronear.org/,France,non-profit
sede-open,https://github.com/sede-open,https://www.shell.com/about-us/contact-us.html,,
fishR-Core-Team,https://github.com/fishR-Core-Team,https://fishr-core-team.github.io/RFishBC/,USA,academia
MIT-LAE,https://github.com/MIT-LAE,https://lae.mit.edu,,
ECCC-CCCS,https://github.com/ECCC-CCCS,https://canada.ca/climate-services,Canada,government agency
sintel-dev,https://github.com/sintel-dev,https://dai.lids.mit.edu/,USA,academia
GreenswayAB,https://github.com/GreenswayAB,https://greensway.se/,Sweden,non-profit
OSeMOSYS,https://github.com/OSeMOSYS,http://www.osemosys.org/,Global,community
UNSW-CEEM,https://github.com/UNSW-CEEM,http://ceem.unsw.edu.au/,Australia,academia
nco,https://github.com/nco,https://nco.sourceforge.net/,Global,community
Virtual-FCS,https://github.com/Virtual-FCS,http://virtual-fcs.eu,Global,collaboration
spatial-ews,https://github.com/spatial-ews,,,
dlr-ve,https://gitlab.com/dlr-ve,,,
kLabUM,https://github.com/kLabUM,,USA,collaboration
OceanographyforEveryone,https://github.com/OceanographyforEveryone,,,
rollthecloudinc,https://github.com/rollthecloudinc,https://rollthecloud.com,USA,non-profit
nasa-jpl,https://github.com/nasa-jpl,https://www.jpl.nasa.gov,USA,government agency
cont-limno,https://github.com/cont-limno,https://lagoslakes.org,USA,academia
ClimateCompatibleGrowth,https://github.com/ClimateCompatibleGrowth,http://www.climatecompatiblegrowth.com,,
Climdyn,https://github.com/Climdyn,http://climdyn.meteo.be,Belgium,government agency
EDF-Lab,https://github.com/EDF-Lab,https://www.edf.fr/en/the-edf-group/inventing-the-future-of-energy/r-d-global-expertise,France,for-profit
WA-Department-of-Agriculture,https://github.com/WA-Department-of-Agriculture,http://agr.wa.gov/AgScience,,
Open-Power-System-Data,https://github.com/Open-Power-System-Data,http://open-power-system-data.org/,Global,collaboration
IUCNN,https://github.com/IUCNN,,Global,community
HYCOM,https://github.com/HYCOM,https://hycom.org/hycom/overview,USA,academia
nesp-tsr3-1,https://github.com/nesp-tsr3-1,,,
YaleOpenLab,https://github.com/YaleOpenLab,http://www.openlab.yale.edu,USA,academia
holoviz-topics,https://github.com/holoviz-topics,http://holoviz.org,Global,community
Critical-Infrastructure-Systems-Lab,https://github.com/Critical-Infrastructure-Systems-Lab,https://people.sutd.edu.sg/~stefano_galelli/,USA,academia
USDA-ARS-NWRC,https://github.com/USDA-ARS-NWRC,https://www.ars.usda.gov/pacific-west-area/boise-id/northwest-watershed-research-center/,USA,government agency
EnergyTransition,https://github.com/EnergyTransition,https://www.tno.nl/nl/aandachtsgebieden/informatie-communicatie-technologie/expertisegroepen/monitoring-control-services/grip-op-de-energietransitie-met-esdl/,Netherlands,academia
UrbanAnalyst,https://github.com/UrbanAnalyst,https://UrbanAnalyst.city,Germany,community
mmb-carb,https://github.com/mmb-carb,https://www.arb.ca.gov/homepage.htm,USA,government agency
cp-PYFOREST,https://github.com/cp-PYFOREST,https://bren.ucsb.edu/projects/informing-forest-conservation-regulations-paraguay,USA,academia
oie-mines-paristech,https://github.com/oie-mines-paristech,http://www.oie.mines-paristech.fr/,France,academia
global-hydrodynamics,https://github.com/global-hydrodynamics,https://global-hydrodynamics.github.io/,Japan,academia
protect-earth,https://github.com/protect-earth,https://protect.earth,UK,non-profit
MaREI-EPMG,https://github.com/MaREI-EPMG,https://www.marei.ie/energy-policy-modelling/,Ireland,academia
ideas-lab-nus,https://github.com/ideas-lab-nus,https://ideaslab.io,Singapore,academia
edgi-govdata-archiving,https://github.com/edgi-govdata-archiving,http://www.envirodatagov.org,,
SwolfPy-Project,https://github.com/SwolfPy-Project,http://swolfpy-project.github.io/,USA,academia
csdms-contrib,https://github.com/csdms-contrib,http://csdms.colorado.edu,,
tdcosim,https://github.com/tdcosim,,USA,government agency
ClimateMARGO,https://github.com/ClimateMARGO,,Global,academia
OpenSimHub,https://github.com/OpenSimHub,https://opensimhub.org,Norway ,academia
powerapi-ng,https://github.com/powerapi-ng,http://powerapi.org,France,academia
sb-ai-lab,https://github.com/sb-ai-lab,,Global,community
myroms,https://github.com/myroms,https://www.myroms.org/wiki,Global,community
Battery-Intelligence-Lab,https://github.com/Battery-Intelligence-Lab,https://howey.eng.ox.ac.uk,UK,academia
Envirometrix,https://github.com/Envirometrix,http://envirometrix.net,Netherlands,for-profit
etsap-TIMES,https://github.com/etsap-TIMES,https://iea-etsap.org/,,
ECCC-ASTD-MRD,https://github.com/ECCC-ASTD-MRD,http://collaboration.cmc.ec.gc.ca/science/si/,Canada,academia
AgrDataSci,https://github.com/AgrDataSci,,France,collaboration
dl4sits,https://github.com/dl4sits,,Global,community
zae-bayern,https://github.com/zae-bayern,https://www.zae-bayern.de,Germany,non-profit
renewables-ninja,https://github.com/renewables-ninja,https://www.renewables.ninja/,Germany,academia
RMI,https://github.com/RMI,https://rmi.org/,USA,non-profit
DuraMAT,https://github.com/DuraMAT,https://duramat.github.io/pv-terms/,Global,community
opentaps,https://github.com/opentaps,https://www.opensourcestrategies.com/,USA,for-profit
OSUKED,https://github.com/OSUKED,https://osuked.com/,UK,community
GoogleCloudPlatform,https://github.com/GoogleCloudPlatform,https://cloud.google.com,USA,for-profit
MeteoSwiss,https://github.com/MeteoSwiss,https://www.meteoswiss.ch,Switzerland,government agency
eMapR,https://github.com/eMapR,http://emapr.ceoas.oregonstate.edu/,USA,academia
stac-utils,https://github.com/stac-utils,https://www.radiant.earth/,Global,non-profit
VUKOZ-OEL,https://github.com/VUKOZ-OEL,http://www.naturalforests.cz,Czech Republic,government agency
ncx-co,https://github.com/ncx-co,https://www.ncx.com,USA,for-profit
TheOceanCleanupAlgorithms,https://github.com/TheOceanCleanupAlgorithms,https://theoceancleanup.com,Netherlands,non-profit
OpenChargingCloud,https://github.com/OpenChargingCloud,https://open.charging.cloud,Germany,community
ReflectiveEarth,https://github.com/ReflectiveEarth,https://reflectiveearth.org,Global,non-profit
space-physics,https://github.com/space-physics,,Global,community
climopy-dev,https://github.com/climopy-dev,https://climopy.readthedocs.io,Global,community
ugr-sail,https://github.com/ugr-sail,http://sail.ugr.es,,
MHKiT-Software,https://github.com/MHKiT-Software,https://mhkit-software.github.io/MHKiT/,USA,government agency
slcs-jsc,https://github.com/slcs-jsc,http://www.fz-juelich.de/ias/jsc/slcs,Germany,government agency
pydata,https://github.com/pydata,http://groups.google.com/forum/?fromgroups#!forum/pydata,,
Safecast,https://github.com/Safecast,http://safecast.org,Japan,non-profit
EC-USGS,https://github.com/EC-USGS,,USA,government agency
opfab,https://github.com/opfab,https://opfab.github.io/,Global,collaboration
gridsingularity,https://github.com/gridsingularity,https://gridsingularity.com/,Germany,for-profit
catalyst-cooperative,https://github.com/catalyst-cooperative,https://catalyst.coop,USA,for-profit
transitland,https://github.com/transitland,https://www.transit.land,USA,for-profit
Open-MSS,https://github.com/Open-MSS,https://open-mss.github.io/,Germany,community
maasglobal,https://github.com/maasglobal,https://maas.global,Finland,for-profit
goat-community,https://github.com/goat-community,https://plan4better.de,Germany,for-profit
LBL-EESA,https://github.com/LBL-EESA,http://eesa.lbl.gov/,USA,government agency
hydroframe,https://github.com/hydroframe,https://www.hydroframe.org/,,
sustainable-computing-io,https://github.com/sustainable-computing-io,http://www.sustainable-computing.io,USA,community
IDAES,https://github.com/IDAES,https://idaes.org,USA,government agency
openmobilityfoundation,https://github.com/openmobilityfoundation,http://www.openmobilityfoundation.org/,USA,non-profit
LBNL-UCB-STI,https://github.com/LBNL-UCB-STI,https://transportation.lbl.gov/,USA,government agency
WikiWatershed,https://github.com/WikiWatershed,http://wikiwatershed.org,USA,non-profit
OpenDrift,https://github.com/OpenDrift,https://opendrift.github.io/,Global,community
opennem,https://github.com/opennem,https://opennem.org.au,Australia,community
BrickSchema,https://github.com/BrickSchema,https://brickschema.org/,Global,collaboration
OneBusAway,https://github.com/OneBusAway,https://github.com/OneBusAway/onebusaway/wiki,USA,non-profit
dalesteam,https://github.com/dalesteam,,Netherlands,academia
forc-db,https://github.com/forc-db,https://forc-db.github.io/,USA,academia
SmartTensors,https://github.com/SmartTensors,http://EnviTrace.com,USA,community
earthlab,https://github.com/earthlab,https://www.earthdatascience.org/,USA,academia
cyclosm,https://github.com/cyclosm,https://www.cyclosm.org/,Global,community
PecanProject,https://github.com/PecanProject,http://pecanproject.org,USA,community
AguaClara,https://github.com/AguaClara,http://aguaclara.cornell.edu/,USA,academia
hubblo-org,https://github.com/hubblo-org,https://hubblo.org,France,community
volkszaehler,https://github.com/volkszaehler,https://volkszaehler.org,Germany,community
pism,https://github.com/pism,https://www.pism.io/,USA,academia
IEAWindTask37,https://github.com/IEAWindTask37,https://iea-wind.org/task37/,Global,government agency
intelligent-environments-lab,https://github.com/intelligent-environments-lab,http://nagy.caee.utexas.edu,USA,academia
WordPress,https://github.com/WordPress,https://wordpress.org/,,
ECSHackWeek,https://github.com/ECSHackWeek,,Global,community
kube-green,https://github.com/kube-green,https://kube-green.dev/,Global,community
treflehq,https://github.com/treflehq,https://trefle.io,France,community
waiwera,https://github.com/waiwera,https://waiwera.github.io/,New Zealand,academia
energy-modelling-toolkit,https://github.com/energy-modelling-toolkit,,Global,community
openplantpathology,https://github.com/openplantpathology,https://www.openplantpathology.org/,Global,non-profit
MATPOWER,https://github.com/MATPOWER,https://matpower.org/,Global,community
pybamm-team,https://github.com/pybamm-team,https://www.pybamm.org/,USA,community
singularity-energy,https://github.com/singularity-energy,https://singularity.energy,USA,for-profit
datadesk,https://github.com/datadesk,https://www.latimes.com,,
OpenEVSE,https://github.com/OpenEVSE,http://www.openevse.com,USA,for-profit
wpgp,https://github.com/wpgp,https://www.worldpop.org,UK,academia
power-grid-lib,https://github.com/power-grid-lib,https://power-grid-lib.github.io/,Global,community
CSHS-CWRA,https://github.com/CSHS-CWRA,https://cwra.org/en/branches/affiliates/cshs-a,Canada,academia
owid,https://github.com/owid,https://ourworldindata.org,UK,non-profit
pinskylab,https://github.com/pinskylab,http://pinsky.marine.rutgers.edu,USA,academia
HPSCTerrSys,https://github.com/HPSCTerrSys,http://www.hpsc-terrsys.de,,
climateinteractive,https://github.com/climateinteractive,https://climateinteractive.org/,,
magpiemodel,https://github.com/magpiemodel,https://magpiemodel.github.io/,Germany,government agency
evcc-io,https://github.com/evcc-io,https://evcc.io,Germany,community
sharppy,https://github.com/sharppy,,,
OpenFLUID,https://github.com/OpenFLUID,http://www.openfluid-project.org,France,collaboration
capytaine,https://github.com/capytaine,,Global,community
IEA-Task-43,https://github.com/IEA-Task-43,http://www.ieawindtask43.org,Global,collaboration
Helmholtz-AI-Energy,https://github.com/Helmholtz-AI-Energy,https://www.helmholtz.ai/,Germany,government agency
ss3sim,https://github.com/ss3sim,https://ss3sim.github.io/ss3sim/,USA,government agency
eradiate,https://github.com/eradiate,https://www.eradiate.eu/,Belgium,for-profit
bionomia,https://github.com/bionomia,https://bionomia.net,,
open-data-rescue,https://github.com/open-data-rescue,https://citsci.geog.mcgill.ca/,Canada,community
PoisotLab,https://github.com/PoisotLab,http://poisotlab.io,Canada,academia
Mohid-Water-Modelling-System,https://github.com/Mohid-Water-Modelling-System,http://www.mohid.com,Portugal,academia
gem,https://github.com/gem,http://www.globalquakemodel.org,Italy,non-profit
modflowpy,https://github.com/modflowpy,,USA,government agency
LiteFarmOrg,https://github.com/LiteFarmOrg,https://www.litefarm.org/,Canada,community
emoncms,https://github.com/emoncms,http://emoncms.org,UK,community
ESMValGroup,https://github.com/ESMValGroup,https://www.esmvaltool.org,Germany,government agency
greensoftwarelab,https://github.com/greensoftwarelab,http://greenlab.di.uminho.pt/,Portugal,academia
emlab-ucsb,https://github.com/emlab-ucsb,http://emlab.ucsb.edu,,
wavespectra,https://github.com/wavespectra,https://wavespectra.readthedocs.io/en/latest/,Global,community
gotm-model,https://github.com/gotm-model,https://gotm.net,Germany,government agency
DPIRD-FSI,https://github.com/DPIRD-FSI,https://dpird.wa.gov.au/,Australia,government agency
parflow,https://github.com/parflow,https://www.parflow.org,Global,community
thegridelectric,https://github.com/thegridelectric,,,
sensebox,https://github.com/sensebox,https://www.sensebox.de,Germany,academia
qpv-research-group,https://github.com/qpv-research-group,https://www.qpvgroup.org,Australia,academia
Growstuff,https://github.com/Growstuff,http://growstuff.org/,Global,community
dos-group,https://github.com/dos-group,https://tu.berlin/en/dos,Germany,academia
openchargemap,https://github.com/openchargemap,http://openchargemap.org,Global,community
ubilabs,https://github.com/ubilabs,https://ubilabs.com,Germany,for-profit
MetOffice,https://github.com/MetOffice,http://www.metoffice.gov.uk,UK,government agency
cloud-carbon-footprint,https://github.com/cloud-carbon-footprint,https://cloudcarbonfootprint.org,USA,community
stcorp,https://github.com/stcorp,http://stcorp.nl/,,
cncf-tags,https://github.com/cncf-tags,,,
mobilityhouse,https://github.com/mobilityhouse,https://mobilityhouse.com/,Germany,for-profit
orbisgis,https://github.com/orbisgis,http://www.orbisgis.org,France,academia
mlco2,https://github.com/mlco2,https://dataforgood.fr/,Global,community
streetmix,https://github.com/streetmix,https://streetmix.net/,Global,community
ec-jrc,https://github.com/ec-jrc,https://ec.europa.eu/jrc/,EU,government agency
GMLC-TDC,https://github.com/GMLC-TDC,https://helics.org,USA,government agency
FarmBot,https://github.com/FarmBot,https://farm.bot,USA,for-profit
GeospatialResearch,https://github.com/GeospatialResearch,https://geospatial.ac.nz,,
openghg,https://github.com/openghg,https://www.openghg.org,UK,community
OceanParcels,https://github.com/OceanParcels,http://oceanparcels.org,Global,community
OpenSTEF,https://github.com/OpenSTEF,https://wiki.lfenergy.org/display/HOME/OpenSTEF,Netherlands,for-profit
IIT-EnergySystemModels,https://github.com/IIT-EnergySystemModels,https://www.iit.comillas.edu/research-area/sadse,Spain,academia
NGEET,https://github.com/NGEET,http://ngee-tropics.lbl.gov/,USA,government agency
nilmtk,https://github.com/nilmtk,https://nilmtk.github.io/,Global,community
NEONScience,https://github.com/NEONScience,http://www.neonscience.org/,USA,government agency
openearth,https://github.com/openearth,http://publicwiki.deltares.nl/display/OET,Global,collaboration
PlanktonTeam,https://github.com/PlanktonTeam,,,
EnvironmentOntology,https://github.com/EnvironmentOntology,http://www.environmentontology.org,Global,academia
badlands-model,https://github.com/badlands-model,http://www.earthcolab.org,Australia,academia
spine-tools,https://github.com/spine-tools,http://www.spine-model.org/,Finland,collaboration
cyclestreets,https://github.com/cyclestreets,https://www.cyclestreets.org/,UK,non-profit
r4ss,https://github.com/r4ss,https://www.fisheries.noaa.gov/,USA,government agency
intake,https://github.com/intake,https://intake.readthedocs.io/en/latest/,USA,for-profit
MAAP-Project,https://github.com/MAAP-Project,https://maap-project.org/,Global,government agency
natcap,https://github.com/natcap,http://naturalcapitalproject.stanford.edu,USA,academia
Breakthrough-Energy,https://github.com/Breakthrough-Energy,https://breakthrough-energy.github.io/docs/,USA,for-profit
GridTools,https://github.com/GridTools,,Switzerland,academia
LBNL-ETA,https://github.com/LBNL-ETA,http://eta.lbl.gov,USA,government agency
aqualinkorg,https://github.com/aqualinkorg,http://aqualink.org,USA,community
StormSurgeLive,https://github.com/StormSurgeLive,https://www.stormsurge.live,Global,community
OpenTreeMap,https://github.com/OpenTreeMap,http://www.opentreemap.org,USA,for-profit
open-ideas,https://github.com/open-ideas,,Global,community
CCI-Tools,https://github.com/CCI-Tools,https://climate.esa.int/en/explore/analyse-climate-data/,UK,government agency
aodn,https://github.com/aodn,https://portal.aodn.org.au/,,
NorESMhub,https://github.com/NorESMhub,https://NorESM-docs.readthedocs.io/en/latest,Norway ,collaboration
usds,https://github.com/usds,https://www.usds.gov,USA,government agency
MODFLOW-USGS,https://github.com/MODFLOW-USGS,https://www.usgs.gov/mission-areas/water-resources/science/modflow-and-related-programs,USA,government agency
VIAME,https://github.com/VIAME,http://www.viametoolkit.org/,Global,collaboration
PCMDI,https://github.com/PCMDI,http://pcmdi.llnl.gov,USA,government agency
NOAA-FIMS,https://github.com/NOAA-FIMS,,,
Cloud-Drift,https://github.com/Cloud-Drift,https://cloud-drift.github.io/clouddrift/,USA,community
OpenWaterAnalytics,https://github.com/OpenWaterAnalytics,http://wateranalytics.org,Global,community
solectrus,https://github.com/solectrus,https://solectrus.de,Germany,for-profit
rl-institut,https://github.com/rl-institut,http://www.reiner-lemoine-institut.de,Germany,non-profit
hainegroup,https://github.com/hainegroup,https://sites.krieger.jhu.edu/haine/,UK,academia
ARPA-SIMC,https://github.com/ARPA-SIMC,https://www.arpae.it/it/temi-ambientali/meteo/cosa-fa-arpae-meteo,Italy,for-profit
TulipaEnergy,https://github.com/TulipaEnergy,,,
open-AIMS,https://github.com/open-AIMS,https://www.aims.gov.au/,Australia,government agency
pywr,https://github.com/pywr,,USA,academia
patch-technology,https://github.com/patch-technology,https://patch.io,USA,for-profit
SalishSeaCast,https://github.com/SalishSeaCast,https://salishsea.eos.ubc.ca/,,
pySTEPS,https://github.com/pySTEPS,https://pysteps.github.io/,Switzerland,academia
Greater-Wellington-Regional-Council,https://github.com/Greater-Wellington-Regional-Council,https://www.gw.govt.nz/,,
diowa,https://github.com/diowa,http://diowa.com,Italy,for-profit
cemsbv,https://github.com/cemsbv,https://cemsbv.nl,Netherlands,for-profit
cryotools,https://github.com/cryotools,https://cryo-tools.org,Global,community
energyPATHWAYS,https://github.com/energyPATHWAYS,https://www.evolved.energy/,USA,for-profit
pastas,https://github.com/pastas,https://pastas.readthedocs.io/en/latest/,Global,academia
CICE-Consortium,https://github.com/CICE-Consortium,,Global,collaboration
FraunhoferIWES,https://github.com/FraunhoferIWES,,,
SolarArbiter,https://github.com/SolarArbiter,https://forecastarbiter.epri.com,USA,government agency
HoareLea,https://github.com/HoareLea,http://www.hoarelea.com,,
h5netcdf,https://github.com/h5netcdf,https://h5netcdf.org/,Global,community
retrofitcoop,https://gitlab.com/retrofitcoop,,,
orcasound,https://github.com/orcasound,http://live.orcasound.net,,
mosaik,https://gitlab.com/mosaik,,,
lanl,https://github.com/lanl,https://www.lanl.gov/,USA,government agency
rubisco-sfa,https://github.com/rubisco-sfa,https://www.bgc-feedbacks.org/,USA,collaboration
emissions-api,https://github.com/emissions-api,https://emissions-api.org,Germany,community
SPF-OST,https://github.com/SPF-OST,http://www.spf.ch,,
pcraster,https://github.com/pcraster,http://www.pcraster.eu,Netherlands,academia
CLOVER-energy,https://github.com/CLOVER-energy,,Global,community
sinnwerkstatt,https://github.com/sinnwerkstatt,http://sinnwerkstatt.com/,Germany,for-profit
LabSid-USP,https://github.com/LabSid-USP,http://www.labsid.eng.br,Brazil,academia
tsdataclinic,https://github.com/tsdataclinic,https://dataclinic.twosigma.com/,USA,for-profit
BelgianBiodiversityPlatform,https://github.com/BelgianBiodiversityPlatform,http://www.biodiversity.be,Belgium,government agency
bigladder,https://github.com/bigladder,https://bigladdersoftware.com,USA,for-profit
csdms,https://github.com/csdms,http://csdms.colorado.edu,USA,academia
localdevices,https://github.com/localdevices,,,
meom-group,https://github.com/meom-group,http://meom-group.github.io/,France,collaboration
transportenergy,https://github.com/transportenergy,https://transportenergy.org,Global,community
santiago-sanitation-systems,https://github.com/santiago-sanitation-systems,https://github.com/santiago-sanitation-systems/Santiago.jl,Switzerland,collaboration
pygsflow,https://github.com/pygsflow,https://pygsflow.github.io/pygsflowdocs/,USA,government agency
EnAccess,https://github.com/EnAccess,https://enaccess.org,,
HotMaps,https://github.com/HotMaps,https://www.hotmaps-project.eu/,Global,community
meteostat,https://github.com/meteostat,https://meteostat.net,Canada,community
ihesp,https://github.com/ihesp,https://ihesp.github.io/ihesp_web/,USA,academia
SAP,https://github.com/SAP,https://opensource.sap.com,Germany,for-profit
AssessingSolar,https://github.com/AssessingSolar,http://assessingsolar.org,Global,community
upb-lea,https://github.com/upb-lea,https://ei.uni-paderborn.de/en/lea/,Germany,academia
igfuw,https://github.com/igfuw,http://foss.igf.fuw.edu.pl/,,
PREP-NexT,https://github.com/PREP-NexT,https://prep-next.github.io/PREP-SHOT/,Singapore,academia
climate-cooperative,https://github.com/climate-cooperative,https://climate-cooperative.org,,
ABbiodiversity,https://github.com/ABbiodiversity,http://www.abmi.ca,,
mit-jp,https://github.com/mit-jp,http://globalchange.mit.edu,USA,academia
r-earthengine,https://github.com/r-earthengine,,,
openCEMorg,https://github.com/openCEMorg,,Australia,academia
openmethane,https://github.com/openmethane,https://openmethane.org,,
ncsuSEAL,https://github.com/ncsuSEAL,https://ncsu-seal.netlify.app/,,
awebox,https://github.com/awebox,,Germany,for-profit
CriticalAssetManagement,https://github.com/CriticalAssetManagement,https://climateresilient.world/,USA,collaboration
teams,https://invent.kde.org/teams,https://merlijn.sebrechts.be,,
ODINN-SciML,https://github.com/ODINN-SciML,,Global,community
fineprint-global,https://github.com/fineprint-global,http://www.fineprint.global/,Austria,academia
CMLPlatform,https://github.com/CMLPlatform,https://www.universiteitleiden.nl/en/science/environmental-sciences/research,Netherlands,academia
NRAP,https://gitlab.com/NRAP,,,
TNO,https://github.com/TNO,http://www.tno.nl,Netherlands,government agency
AquaticEcoDynamics,https://github.com/AquaticEcoDynamics,http://aquatic.science.uwa.edu.au,Australia,government agency
umr-amap,https://github.com/umr-amap,http://amap.cirad.fr,France,academia
nansencenter,https://github.com/nansencenter,http://www.nersc.no,Norway ,non-profit
passaH2O,https://github.com/passaH2O,https://sites.google.com/site/passalacquagroup/home,USA,academia
omegalpes,https://gricad-gitlab.univ-grenoble-alpes.fr/omegalpes,,,
brazil-data-cube,https://github.com/brazil-data-cube,http://brazildatacube.org,Brazil,government agency
HIT2GAP-EU-PROJECT,https://github.com/HIT2GAP-EU-PROJECT,http://www.hit2gap.eu/,France,for-profit
EURAC-EEBgroup,https://github.com/EURAC-EEBgroup,http://www.eurac.edu/en/research/technologies/renewableenergy/researchfields/Pages/Energy-management-in-buildings.aspx,,
BreakingBytes,https://github.com/BreakingBytes,http://breakingbytes.github.io/,USA,for-profit
then-try-this,https://gitlab.com/then-try-this,,,
PSUmodeling,https://github.com/PSUmodeling,https://psumodeling.github.io/,USA,academia
dorie,https://gitlab.dune-project.org/dorie,,,
ARCCSS-extremes,https://github.com/ARCCSS-extremes,https://climateextremes.org.au/,Australia,government agency
RAMP-project,https://github.com/RAMP-project,,Global,community
isric,https://git.wur.nl/isric,,,
CryoGrid,https://github.com/CryoGrid,,Global,community
PerovskiteSCModelling,https://github.com/PerovskiteSCModelling,,Global,academia
KnowFlow,https://github.com/KnowFlow,https://publiclab.org/wiki/knowflow,China,community
epri-dev,https://github.com/epri-dev,http://www.epri.com,USA,for-profit
IWUGERMANY,https://github.com/IWUGERMANY,https://www.iwu.de,,
GralDispersionModel,https://github.com/GralDispersionModel,,Global,community
surfriderfoundationeurope,https://github.com/surfriderfoundationeurope,https://surfrider.eu/,France,non-profit
InverseTampere,https://github.com/InverseTampere,https://webpages.tuni.fi/inverse/,Finland,academia
cloudtostreet,https://github.com/cloudtostreet,https://boards.greenhouse.io/floodbase/,USA,for-profit
batterysim,https://github.com/batterysim,https://vibe.ornl.gov/,USA,government agency
PV-Lab,https://github.com/PV-Lab,http://pv.mit.edu,USA,academia
AustralianAntarcticDivision,https://github.com/AustralianAntarcticDivision,https://www.antarctica.gov.au/,Australia,government agency
LBNL-JCI-ICF,https://github.com/LBNL-JCI-ICF,,USA,collaboration
VUB-HYDR,https://github.com/VUB-HYDR,http://www.hydr.vub.ac.be/,Belgium,academia
genesysmod,https://git.tu-berlin.de/genesysmod,,,
wgms,https://gitlab.com/wgms,,,
arctic-risk,https://github.com/arctic-risk,https://arcticrisk.org,Global,academia
mathworks,https://github.com/mathworks,https://mathworks.github.io,Global,for-profit
energywebfoundation,https://github.com/energywebfoundation,http://energyweb.org/,Switzerland,for-profit
BlinkTagInc,https://github.com/BlinkTagInc,https://blinktag.com,USA,for-profit
globalbioticinteractions,https://github.com/globalbioticinteractions,http://globalbioticinteractions.org,Global,academia
Open-Earth-Foundation,https://github.com/Open-Earth-Foundation,https://openearth.org/,USA,non-profit
d-fine,https://github.com/d-fine,https://www.d-fine.com/,Germany,for-profit
undpindia,https://github.com/undpindia,https://www.in.undp.org/,India,government agency
sertit,https://github.com/sertit,https://sertit.unistra.fr/,,
SESMG,https://github.com/SESMG,http://www.fh.ms/esym,Germany,academia
earth-system-radiation,https://github.com/earth-system-radiation,https://earth-system-radiation.github.io/rte-rrtmgp/,Global,community
poseidon-fisheries,https://github.com/poseidon-fisheries,https://oceanconservancy.org/sustainable-fisheries/poseidon/,USA,non-profit
biomodhub,https://github.com/biomodhub,,,
idaholab,https://github.com/idaholab,https://inl.gov,USA,government agency
global-healthy-liveable-cities,https://github.com/global-healthy-liveable-cities,,,
Geodels,https://github.com/Geodels,http://www.earthcolab.org,Australia,academia
euroargodev,https://github.com/euroargodev,https://www.euro-argo.eu,EU,academia
gwmod,https://github.com/gwmod,,,
Planteome,https://github.com/Planteome,http://www.planteome.org/,,
IndEcol,https://github.com/IndEcol,http://www.is4ie.org,Global,non-profit
EDIorg,https://github.com/EDIorg,https://edirepository.org/,,
BattMoTeam,https://github.com/BattMoTeam,http://www.batterymodel.com,Norway,community
IPCC-WG1,https://github.com/IPCC-WG1,https://github.com/IPCC-WG1,Global,government agency
EnergyInnovation,https://github.com/EnergyInnovation,https://energyinnovation.org,USA,academia
seapath,https://github.com/seapath,,,
coopcycle,https://github.com/coopcycle,https://coopcycle.org,France,community
OSGP,https://github.com/OSGP,https://www.lfenergy.org/projects/gxf/,Netherlands,collaboration
respec,https://github.com/respec,http://www.respec.com,,
senbox-org,https://github.com/senbox-org,http://step.esa.int/main/toolboxes/snap/,,
JRCSTU,https://github.com/JRCSTU,https://ec.europa.eu/jrc/en/about/institutes-and-directorates/jrc-iet,Italy,government agency
marmelab,https://github.com/marmelab,http://marmelab.com,France,for-profit
WFP-VAM,https://github.com/WFP-VAM,http://vam.wfp.org,Global,government agency
actris-cloudnet,https://github.com/actris-cloudnet,https://cloudnet.fmi.fi/,,
dbca-wa,https://github.com/dbca-wa,https://www.dbca.wa.gov.au/,,
3DFin,https://github.com/3DFin,,,
arras-energy,https://github.com/arras-energy,https://arras.energy,USA,collaboration
GEOS-DEV,https://github.com/GEOS-DEV,https://geosx-geosx.readthedocs-hosted.com/en/latest/index.html,Global,community
specify,https://github.com/specify,https://specifysoftware.org/,USA,academia
NOAA-EMC,https://github.com/NOAA-EMC,http://www.emc.ncep.noaa.gov/,USA,government agency
regen-network,https://github.com/regen-network,https://www.regen.network,USA,for-profit
BASIN-3D,https://github.com/BASIN-3D,https://basin3d.readthedocs.io/en/stable/,Global,community
FLARE-forecast,https://github.com/FLARE-forecast,https://flare-forecast.org/,Global,collaboration
AntaresSimulatorTeam,https://github.com/AntaresSimulatorTeam,https://antares-simulator.org/,France,for-profit
pydap,https://github.com/pydap,,,
Plant-Root-Soil-Interactions-Modelling,https://github.com/Plant-Root-Soil-Interactions-Modelling,https://plant-root-soil-interactions-modelling.github.io/CRootBox/,Global,government agency
PIK-LPJmL,https://github.com/PIK-LPJmL,,,
frontendnetwork,https://github.com/frontendnetwork,https://frontendnet.work,Germany,for-profit
CLIMADA-project,https://github.com/CLIMADA-project,http://www.wcr.ethz.ch,Switzerland,academia
a-b-street,https://github.com/a-b-street,http://abstreet.org,USA,community
nasaharvest,https://github.com/nasaharvest,https://nasaharvest.org/,USA,government agency
mitrefireline,https://github.com/mitrefireline,http://fireline.mitre.org,,
Klimatbyran,https://github.com/Klimatbyran,,,
cityflow-project,https://github.com/cityflow-project,,Global,community
STS-Rosario,https://github.com/STS-Rosario,http://www.stsrosario.org.ar/index.html,Argentina,community
watertap-org,https://github.com/watertap-org,https://watertap-org.github.io/,,
earthobservations,https://github.com/earthobservations,,Germany,community
esmf-org,https://github.com/esmf-org,,Global,collaboration
MPAS-Dev,https://github.com/MPAS-Dev,https://ncar.ucar.edu/what-we-offer/models/model-prediction-across-scales-mpas,USA,government agency
the-clothing-loop,https://github.com/the-clothing-loop,https://www.clothingloop.org/,,
Exawind,https://github.com/Exawind,https://nalu-wind.readthedocs.io/en/latest/,Global,community
C4IROcean,https://github.com/C4IROcean,https://www.oceandata.earth/,,
NMF-earth,https://github.com/NMF-earth,http://nmf.earth,Global,community
OpenLitterMap,https://github.com/OpenLitterMap,https://openlittermap.com,Ireland,for-profit
Ecotrust,https://github.com/Ecotrust,https://ecotrust.org,USA,non-profit
OGGM,https://github.com/OGGM,http://www.oggm.org,Germany,non-profit
geopm,https://github.com/geopm,https://geopm.github.io,,
Greenstand,https://github.com/Greenstand,https://app.gitbook.com/@greenstand/s/engineering/,Global,non-profit
ITSLeeds,https://github.com/ITSLeeds,https://environment.leeds.ac.uk/transport,UK,academia
radis,https://github.com/radis,https://radis.github.io/,Global,community
GridOPTICS,https://github.com/GridOPTICS,https://www.battelle.org/,USA,non-profit
blue-marble,https://github.com/blue-marble,https://www.bluemarble.run,USA,for-profit
FESOM,https://github.com/FESOM,https://fesom.de/,Germany,government agency
ClimateGlobalChange,https://github.com/ClimateGlobalChange,https://climate.ucdavis.edu/tempestextremes.php,USA,academia
TrashMob-eco,https://github.com/TrashMob-eco,http://www.trashmob.eco,USA,non-profit
aquacropos,https://github.com/aquacropos,https://aquacropos.github.io/aquacrop/,Global,community
sentinelsat,https://github.com/sentinelsat,,Global,community
Open-EO,https://github.com/Open-EO,http://openeo.org/,Germany,community
OSOceanAcoustics,https://github.com/OSOceanAcoustics,https://oalib-acoustics.org/,USA,academia
cf-convention,https://github.com/cf-convention,http://cf-convention.github.io,Global,community
bopen,https://github.com/bopen,https://bopen.eu,,
metoppv,https://github.com/metoppv,,,
Energy-Sparks,https://github.com/Energy-Sparks,https://energysparks.uk/,UK,non-profit
airqo-platform,https://github.com/airqo-platform,http://www.airqo.net,,
xgcm,https://github.com/xgcm,,Global,community
amanzi,https://github.com/amanzi,http://amanzi.github.io,,
Deltares-research,https://github.com/Deltares-research,https://www.deltares.nl/en/,,
OpenLEADR,https://github.com/OpenLEADR,https://openleadr.org,,
equinor,https://github.com/equinor,http://www.equinor.com,Norway,for-profit
icesat2py,https://github.com/icesat2py,https://icepyx.readthedocs.io/en/latest/,Global,community
sovereign-nature,https://github.com/sovereign-nature,https://sovereignnature.com,,
neuralhydrology,https://github.com/neuralhydrology,https://neuralhydrology.github.io/,Germany,academia
CS-SI,https://github.com/CS-SI,http://www.csgroup.eu,,
LinkedEarth,https://github.com/LinkedEarth,http://linked.earth,USA,community
macroenergy,https://github.com/macroenergy,https://energy.mit.edu/,USA,academia
DOV-Vlaanderen,https://github.com/DOV-Vlaanderen,https://www.dov.vlaanderen.be,Belgium,government agency
biocro,https://github.com/biocro,,,
ai2cm,https://github.com/ai2cm,https://allenai.org/climate-modeling,USA,non-profit
SpeedyWeather,https://github.com/SpeedyWeather,,,
COSIMA,https://github.com/COSIMA,http://cosima.org.au,Australia,collaboration
openego,https://github.com/openego,https://openegoproject.wordpress.com/,Germany,community
RBGKew,https://github.com/RBGKew,https://www.kew.org/science/who-we-are-and-what-we-do/departments/biodiversity-informatics-and-spatial-analysis,UK,government agency
moja-global,https://github.com/moja-global,http://moja.global,Global,collaboration
radical-collaboration,https://github.com/radical-collaboration,,USA,academia
USGCRP,https://github.com/USGCRP,http://www.globalchange.gov,,
BioSTEAMDevelopmentGroup,https://github.com/BioSTEAMDevelopmentGroup,https://biosteam.readthedocs.io/en/latest/index.html,Global,community
assume-framework,https://github.com/assume-framework,https://assume-project.de/,Germany,community
Clay-foundation,https://github.com/Clay-foundation,,,
r-spatialecology,https://github.com/r-spatialecology,,Global,community
arup-group,https://github.com/arup-group,https://www.arup.com/,,
mapme-initiative,https://github.com/mapme-initiative,https://mapme-initiative.org/,Germany,for-profit
OceanBioME,https://github.com/OceanBioME,https://oceanbiome.github.io/OceanBioME.jl,UK,community
brightwind-dev,https://github.com/brightwind-dev,https://www.brightwindanalysis.com/,Ireland,for-profit
MESMER-group,https://github.com/MESMER-group,https://mesmer-emulator.readthedocs.io/en/latest/,Switzerland,academia
dataforgoodfr,https://github.com/dataforgoodfr,http://www.dataforgood.fr,France,community
tenstream,https://github.com/tenstream,,Germany,community
Aalto-Electric-Drives,https://github.com/Aalto-Electric-Drives,,,
Ozon3Org,https://github.com/Ozon3Org,,Global,community
consbio,https://github.com/consbio,http://consbio.org,,
riparias,https://github.com/riparias,https://riparias.be,Belgium,government agency
natural-solutions,https://gitlab.com/natural-solutions,,,
kW-Labs,https://github.com/kW-Labs,https://www.kw-engineering.com/,,
OceanNetworksCanada,https://github.com/OceanNetworksCanada,http://www.oceannetworks.ca/,,
HiDef-Aerial-Surveying,https://github.com/HiDef-Aerial-Surveying,http://hidef.bioconsult-sh.de/,UK,for-profit
cnumr,https://github.com/cnumr,https://collectif.greenit.fr,France,non-profit
joular,https://github.com/joular,https://www.noureddine.org/research/joular,France,academia
switch-model,https://github.com/switch-model,http://switch-model.org,USA,community
openEDI,https://github.com/openEDI,https://openei.org/wiki/Open_Energy_Data_Initiative_(OEDI),,
w3c,https://github.com/w3c,https://www.w3.org/,,
GEUS-SICE,https://github.com/GEUS-SICE,http://snow.geus.dk/,,
permamodel,https://github.com/permamodel,https://permamodel.github.io/,USA,academia
nmfs-fish-tools,https://github.com/nmfs-fish-tools,,,
NCPP,https://github.com/NCPP,http://earthsystemcog.org/projects/ncpp/,Global,community
WMD-group,https://github.com/WMD-group,https://wmd-group.github.io,UK,academia
GlobalFishingWatch,https://github.com/GlobalFishingWatch,http://globalfishingwatch.org,USA,non-profit
usa-npn,https://github.com/usa-npn,https://www.usanpn.org,USA,collaboration
macroecology,https://github.com/macroecology,,,
ECCO-GROUP,https://github.com/ECCO-GROUP,,Global,community
BirdLifeInternational,https://github.com/BirdLifeInternational,http://www.birdlife.org,,
responsibleproblemsolving,https://github.com/responsibleproblemsolving,,Global,community
geodynamics,https://github.com/geodynamics,https://www.geodynamics.org/,Global,collaboration
developmentseed,https://github.com/developmentseed,http://developmentseed.org,USA,for-profit
acs,https://git.rwth-aachen.de/acs,,,
epiverse-trace,https://github.com/epiverse-trace,https://epiverse.org,,
lter,https://github.com/lter,http://www.lternet.edu,,
rebipp,https://github.com/rebipp,https://www.rebipp.org.br,,
AfricaBirdData,https://github.com/AfricaBirdData,,,
iobis,https://github.com/iobis,https://obis.org,Belgium,collaboration
Permian-Global-Research,https://github.com/Permian-Global-Research,https://permianglobal.com/,,
sei-international,https://github.com/sei-international,http://www.sei.org/,Sweden,non-profit
Agri-Hub,https://github.com/Agri-Hub,,Greece,academia
sosy-lab,https://github.com/sosy-lab,https://www.sosy-lab.org,Germany,academia
hsbay,https://github.com/hsbay,http://www.autofracture.com/opencarbon,USA,for-profit
bioeconomy,https://gitlab.com/bioeconomy,,,
ebird,https://github.com/ebird,https://science.ebird.org/en/status-and-trends,USA,academia
MazamaScience,https://github.com/MazamaScience,http://mazamascience.com,,
diw-evu,https://gitlab.com/diw-evu,,,
isea,https://git.rwth-aachen.de/isea,,,
SHUD-System,https://github.com/SHUD-System,https://www.shud.xyz/en/,,
GlobalHydrologyLab,https://github.com/GlobalHydrologyLab,http://uncglobalhydrology.org,USA,academia
IDEMSInternational,https://github.com/IDEMSInternational,https://www.idems.international/,USA,non-profit
eco-hydro,https://github.com/eco-hydro,http://www.phenofit.top/,China,community
us191,https://forge.ird.fr/us191,,,
EPGOxford,https://github.com/EPGOxford,https://epg.eng.ox.ac.uk/,UK,academia
hydro-python,https://github.com/hydro-python,,,
Call-for-Code,https://github.com/Call-for-Code,https://developer.ibm.com/callforcode/,Global,collaboration
hotmaps,https://gitlab.com/hotmaps,,,
SonyCSL,https://github.com/SonyCSL,https://www.sonycsl.co.jp/,Japan,for-profit
jrc-ldv,https://code.europa.eu/jrc-ldv,,,
washingtonpost,https://github.com/washingtonpost,https://washpost.engineering/,USA,for-profit
allfed,https://github.com/allfed,http://allfed.info/,,
awst-austria,https://github.com/awst-austria,https://www.awst.at/,Austria,for-profit
nismod,https://github.com/nismod,http://www.itrc.org.uk,,
centrefornetzero,https://github.com/centrefornetzero,https://www.centrefornetzero.org/,,
CIMM-ORG,https://github.com/CIMM-ORG,http://www.cimm.org,USA,non-profit
MotusWTS,https://github.com/MotusWTS,http://www.motus.org,,
thinkingmachines,https://github.com/thinkingmachines,https://thinkingmachin.es,,
palma-ice,https://github.com/palma-ice,http://www.palma-ucm.es/palma-ice,Spain,community
BETALAB-team,https://github.com/BETALAB-team,https://research.dii.unipd.it/betalab/,Italy,academia
BIO-RSG,https://github.com/BIO-RSG,https://bio-rsg.github.io/,Canada,government agency
TAMU-AML,https://github.com/TAMU-AML,http://aml.engr.tamu.edu,,
ClarkCGA,https://github.com/ClarkCGA,,,
ausocean,https://github.com/ausocean,https://www.ausocean.org,,
Traace-co,https://github.com/Traace-co,https://traace.co,France,for-profit
HSG-AIML,https://github.com/HSG-AIML,http://www.hsg.ai,Switzerland,academia
NASA-DEVELOP,https://github.com/NASA-DEVELOP,https://appliedsciences.nasa.gov/nasadevelop,USA,government agency
EarthSystemDiagnostics,https://github.com/EarthSystemDiagnostics,https://www.awi.de/en/science/geosciences/polar-terrestrial-environmental-systems/research-foci/earth-system-diagnostics.html,Germany,academia
Etive-Mor,https://github.com/Etive-Mor,https://www.etive-mor.com/,,
dlr-pa,https://github.com/dlr-pa,https://www.dlr.de/pa,Germany,government agency
UI-Research,https://github.com/UI-Research,,,
socialincome-san,https://github.com/socialincome-san,https://socialincome.org,,
LiUSemWeb,https://github.com/LiUSemWeb,https://www.ida.liu.se/research/semanticweb/,,
Dark-Matter-Labs,https://github.com/Dark-Matter-Labs,https://darkmatterlabs.org,,
Imageomics,https://github.com/Imageomics,https://imageomics.osu.edu,,
fingreen-ai,https://github.com/fingreen-ai,https://fingreen.ai,,
AgRoMeteorologiaINTA,https://github.com/AgRoMeteorologiaINTA,,,
VU-IVM,https://github.com/VU-IVM,https://www.ivm.vu.nl/en/index.aspx,,
